Name,Description,Price (USD),Unit amount (cents),Currency,Lookup key (SKU),Collection,Fabric,Sizes,Availability,Image URL
"Adaeze Wrap Gown","A wrap gown with a deep V neckline and a skirt cut to move. The waist ties to your shape; the hem falls just below the knee.",75,7500,usd,"adaeze-wrap-gown","women","kente","XS | S | M | L | XL","in-stock","https://afrinoble.netlify.app/media/look-07.jpg"
"Obi Tailored Coat","A structured coat with sharp lapels and a clean tapered line, cut close through the shoulder and easy through the body.",80,8000,usd,"obi-tailored-coat","men","aso-oke","46 | 48 | 50 | 52 | 54","in-stock","https://afrinoble.netlify.app/media/look-06.jpg"
"Nia Ceremonial Set","A ceremonial two-piece of woven cloth, finished with hand-rolled edges — made to be photographed and kept.",120,12000,usd,"nia-ceremonial-set","wedding","aso-oke","XS | S | M | L | XL","made-to-order","https://afrinoble.netlify.app/media/look-30.jpg"
"Kwame Two-Piece","A relaxed two-piece: boxy shirt, drawstring trouser, one continuous pattern across both.",80,8000,usd,"kwame-two-piece","men","kente","46 | 48 | 50 | 52","in-stock","https://afrinoble.netlify.app/media/look-08.jpg"
"Amara Silk Blouse","A fluid blouse with covered buttons and a soft point collar, light enough to forget.",75,7500,usd,"amara-silk-blouse","women","adinkra","XS | S | M | L","low-stock","https://afrinoble.netlify.app/media/look-11.jpg"
"Zola Column Dress","A floor-length column with a high neck and a controlled side slit — spare, graphic, unhurried.",75,7500,usd,"zola-column-dress","limited-edition","bogolan","XS | S | M | L","low-stock","https://afrinoble.netlify.app/media/look-03.jpg"
"Sena Woven Clutch","A structured clutch faced in handwoven cloth over a rigid shell, with a magnetic closure and cotton lining.",380,38000,usd,"sena-woven-clutch","accessories","kente","One Size","in-stock","https://afrinoble.netlify.app/media/look-01.jpg"
"Tobi Silk Scarf","A generous silk square with hand-finished edges, printed in a saturated wax-print motif.",240,24000,usd,"tobi-silk-scarf","accessories","ankara","One Size","in-stock","https://afrinoble.netlify.app/media/look-07.jpg"
"Folasade Evening Caftan","A floor-sweeping caftan with bell sleeves and a beaded neckline, cut generously and finished light.",75,7500,usd,"folasade-evening-caftan","women","kitenge","XS | S | M | L | XL","in-stock","https://afrinoble.netlify.app/media/look-04.jpg"
"Ekon Formal Agbada","A full formal agbada: flowing outer robe, inner tunic and tailored trouser, with embroidery at the neckline.",120,12000,usd,"ekon-formal-agbada","wedding","aso-oke","46 | 48 | 50 | 52 | 54","made-to-order","https://afrinoble.netlify.app/media/look-05.jpg"
"Chidinma Mini Dress","A sharp mini with a structured bodice and A-line skirt — youthful, graphic, precise.",75,7500,usd,"chidinma-mini-dress","limited-edition","adinkra","XS | S | M","low-stock","https://afrinoble.netlify.app/media/look-11.jpg"
"Malik Linen Shirt","A relaxed linen shirt with a camp collar and a mud-cloth inspired placket detail.",80,8000,usd,"malik-linen-shirt","men","bogolan","S | M | L | XL | XXL","in-stock","https://afrinoble.netlify.app/media/look-32.jpg"
"Tunde Agbada Set","A crisp white three-piece set with a teal corded-embroidery neckline, side pockets and a matching tailored trouser.",80,8000,usd,"tunde-agbada-set","men","brocade","46 | 48 | 50 | 52 | 54","in-stock","https://afrinoble.netlify.app/media/look-37.jpg"
"Sefa Kaftan Set","A seafoam kaftan set with a mandarin collar and a pleated multi-stripe placket that curves into the chest, over a matching trouser.",80,8000,usd,"sefa-kaftan-set","men","brocade","46 | 48 | 50 | 52 | 54","in-stock","https://afrinoble.netlify.app/media/look-38.jpg"
"Adom Agbada Set","A sage set with bold green-and-cream corded embroidery circling the neckline and running to a medallion at the chest.",80,8000,usd,"adom-agbada-set","men","brocade","46 | 48 | 50 | 52 | 54","in-stock","https://afrinoble.netlify.app/media/look-35.jpg"
"Odum Senator Set","A tan micro-suede senator set with a graphic three-wolf chest print and half sleeves, over a slim matching trouser.",80,8000,usd,"odum-senator-set","men","brocade","46 | 48 | 50 | 52 | 54","in-stock","https://afrinoble.netlify.app/media/look-36.jpg"
"Kwabena Medallion Set","A charcoal kaftan set with three descending gold medallions embroidered down the chest and a bar-detail neckline.",80,8000,usd,"kwabena-medallion-set","men","brocade","46 | 48 | 50 | 52 | 54","in-stock","https://afrinoble.netlify.app/media/look-39.jpg"
"Jide Agbada Set","A deep teal-blue set with a gold diamond-and-crescent embroidery at the chest, worn over a matching trouser.",80,8000,usd,"jide-agbada-set","men","brocade","46 | 48 | 50 | 52 | 54","in-stock","https://afrinoble.netlify.app/media/look-40.jpg"
"Ayo Leisure Set","A white textured co-ord: oversized tee with a birdcage motif at the chest and a pleated relaxed trouser.",80,8000,usd,"ayo-leisure-set","men","brocade","S | M | L | XL | XXL","in-stock","https://afrinoble.netlify.app/media/look-41.jpg"
"Chike Agbada — Three Piece","A midnight-navy three-piece agbada with an interlocking geometric panel of bronze, blue and gold squares at the chest.",120,12000,usd,"chike-agbada","men","brocade","46 | 48 | 50 | 52 | 54","made-to-order","https://afrinoble.netlify.app/media/look-42.jpg"
"Emeka Agbada — Three Piece","A black three-piece agbada with a textured bib framed in champagne piping and an isometric gold cube motif.",120,12000,usd,"emeka-agbada","men","brocade","46 | 48 | 50 | 52 | 54","made-to-order","https://afrinoble.netlify.app/media/look-43.jpg"
"Dele Agbada — Three Piece","An all-black three-piece agbada with a tonal beaded bib and matching cap — black on black, texture on texture.",120,12000,usd,"dele-agbada","men","brocade","46 | 48 | 50 | 52 | 54","made-to-order","https://afrinoble.netlify.app/media/look-44.jpg"
"Oba Agbada — Three Piece","A white three-piece agbada with a sweeping basketweave-embroidered bib traced in gold studs, curving from shoulder to hem line.",120,12000,usd,"oba-agbada","men","brocade","46 | 48 | 50 | 52 | 54","made-to-order","https://afrinoble.netlify.app/media/look-45.jpg"
"Obasi Agbada — Three Piece","An olive three-piece agbada with a gold interlocking-rings bib bordered in fine chain embroidery.",120,12000,usd,"obasi-agbada","men","brocade","46 | 48 | 50 | 52 | 54","made-to-order","https://afrinoble.netlify.app/media/look-46.jpg"
"Segun Agbada — Three Piece","A black three-piece agbada with a grid of square gold studs across the bib and an echoing cluster below, finished with a matching cap.",120,12000,usd,"segun-agbada","men","brocade","46 | 48 | 50 | 52 | 54","made-to-order","https://afrinoble.netlify.app/media/look-47.jpg"
"Kunle Agbada — Three Piece","A maroon three-piece agbada with a chest panel of embroidered check diamonds in red and black.",120,12000,usd,"kunle-agbada","men","brocade","46 | 48 | 50 | 52 | 54","made-to-order","https://afrinoble.netlify.app/media/look-48.jpg"
"Osei Agbada — Three Piece","A caramel three-piece agbada with an abstract appliqué chest panel — triangles, crescents and squares in tobacco and gold.",120,12000,usd,"osei-agbada","men","brocade","46 | 48 | 50 | 52 | 54","made-to-order","https://afrinoble.netlify.app/media/look-49.jpg"
"Adisa Agbada — Three Piece","An olive-green three-piece agbada with tonal diamond embroidery descending the chest, styled with cap and beads.",120,12000,usd,"adisa-agbada","men","brocade","46 | 48 | 50 | 52 | 54","made-to-order","https://afrinoble.netlify.app/media/look-50.jpg"
"Bayo Agbada — Three Piece","A royal-blue three-piece agbada with a single tonal diamond motif at the chest and a matching soft cap.",120,12000,usd,"bayo-agbada","men","brocade","46 | 48 | 50 | 52 | 54","made-to-order","https://afrinoble.netlify.app/media/look-51.jpg"
"Nkem Agbada — Three Piece","A deep green three-piece agbada with a teal mosaic-embroidered bib falling to a point at the chest.",120,12000,usd,"nkem-agbada","men","brocade","46 | 48 | 50 | 52 | 54","made-to-order","https://afrinoble.netlify.app/media/look-52.jpg"
"Rotimi Agbada — Three Piece","A rose three-piece agbada with a framed bib of tile-work embroidery and scattered crystal points.",120,12000,usd,"rotimi-agbada","men","brocade","46 | 48 | 50 | 52 | 54","made-to-order","https://afrinoble.netlify.app/media/look-53.jpg"
"Chidi Agbada — Three Piece","A plum three-piece agbada with tonal embroidery — a laddered placket, diamond band and circular medallion, all in self-colour.",120,12000,usd,"chidi-agbada","men","brocade","46 | 48 | 50 | 52 | 54","made-to-order","https://afrinoble.netlify.app/media/look-54.jpg"
"Jaja Agbada — Three Piece","A champagne three-piece agbada with a fretwork bib carrying an embroidered lion at its centre.",120,12000,usd,"jaja-agbada","men","brocade","46 | 48 | 50 | 52 | 54","made-to-order","https://afrinoble.netlify.app/media/look-55.jpg"
"Mansa Agbada — Three Piece","A mocha three-piece agbada with chain-link embroidery over the shoulders and a looped rosette knot at the chest.",120,12000,usd,"mansa-agbada","men","brocade","46 | 48 | 50 | 52 | 54","made-to-order","https://afrinoble.netlify.app/media/look-56.jpg"
"Kobina Agbada — Three Piece","A chocolate three-piece agbada with a cross-stitch sampler bib in cream and cocoa falling to a rounded point.",120,12000,usd,"kobina-agbada","men","brocade","46 | 48 | 50 | 52 | 54","made-to-order","https://afrinoble.netlify.app/media/look-57.jpg"
"Okon Agbada — Three Piece","A black three-piece agbada with rows of gold-tipped tassel embroidery on the bib and a corded rosette, with matching cap.",120,12000,usd,"okon-agbada","men","brocade","46 | 48 | 50 | 52 | 54","made-to-order","https://afrinoble.netlify.app/media/look-58.jpg"
"Wale Agbada — Three Piece","A gold-ochre three-piece agbada with a honeycomb-embroidered bib outlined in black, with matching cap.",120,12000,usd,"wale-agbada","men","brocade","46 | 48 | 50 | 52 | 54","made-to-order","https://afrinoble.netlify.app/media/look-59.jpg"
"Tunji Agbada — Three Piece","A burgundy three-piece agbada edged in gold piping with a serpentine beaded panel cascading down the chest.",120,12000,usd,"tunji-agbada","men","brocade","46 | 48 | 50 | 52 | 54","made-to-order","https://afrinoble.netlify.app/media/look-60.jpg"
